<?xml version="1.0" encoding="utf-8"?>
<!DOCTYPE hibernate-mapping PUBLIC "-//Hibernate/Hibernate Mapping DTD 3.0//EN"
"http://www.hibernate.org/dtd/hibernate-mapping-3.0.dtd">
<!-- 
    Mapping file autogenerated by MyEclipse Persistence Tools
-->
<hibernate-mapping>
    <class name="orm.Drug" table="drug" catalog="stu">
        <id name="namee" type="java.lang.String">
            <column name="namee" length="25" />
            <generator class="assigned" />
        </id>
        <property name="numm" type="java.lang.String">
            <column name="numm" />
        </property>
    </class>
</hibernate-mapping>
